{
  "corpus": "pff",
  "epochs": 8,
  "train_frames": 325326,
  "val_frames": 64993,
  "train_label_mean": 0.03492842987179756,
  "val_label_mean": 0.036256298422813416,
  "val_loss": 0.00035468387068249285,
  "val_mae": 0.014652627520263195,
  "val_spearman_ours": 0.7143298387527466,
  "val_spearman_xt_lookup": 0.6161760687828064,
  "val_lift_vs_lookup": 0.0981537476181984,
  "ckpt_path": "/Users/nick/wc2026-tracking-transformer/output/transformer_xt_regression.ckpt"
}