{
  "schema": "piecewise-linear-isotonic-v1",
  "val_matches": [
    "3852",
    "3853",
    "3854",
    "3855",
    "3856",
    "3857",
    "3858",
    "3859"
  ],
  "base_rate_score": 0.005648700054734945,
  "base_rate_concede": 0.002334411721676588,
  "brier_score_raw": 0.18657471239566803,
  "brier_score_cal": 0.005540773738175631,
  "brier_concede_raw": 0.06885632872581482,
  "brier_concede_cal": 0.0023093160707503557,
  "score": {
    "x": [
      0.0001699997519608587,
      0.008148718625307083,
      0.00815105065703392,
      0.011866236105561256,
      0.011867879889905453,
      0.1874668449163437,
      0.1874726116657257,
      0.34223368763923645,
      0.34225034713745117,
      0.3779085576534271,
      0.3779143989086151,
      0.5243422389030457,
      0.5243471264839172,
      0.5321035385131836,
      0.5321263670921326,
      0.6112402081489563,
      0.6112427115440369,
      0.6250002980232239,
      0.6250197887420654,
      0.6286730170249939,
      0.6286951899528503,
      0.7283090949058533,
      0.7283269762992859,
      0.7745896577835083,
      0.7746012806892395,
      0.7918227910995483,
      0.7918456792831421,
      0.7985193729400635,
      0.7985291481018066,
      0.8277384638786316,
      0.8277406096458435,
      0.8388987183570862,
      0.8389068841934204,
      0.8518708348274231,
      0.8518838882446289,
      0.8737091422080994,
      0.8737117648124695,
      0.9367684721946716,
      0.936825156211853,
      0.9398191571235657,
      0.9398259520530701,
      0.9496225714683533,
      0.9497324824333191,
      0.9541676640510559
    ],
    "y": [
      0.0,
      0.0,
      0.0013480116613209248,
      0.0013480116613209248,
      0.0017422462115064263,
      0.0017422462115064263,
      0.0018209408735856414,
      0.0018209408735856414,
      0.0018256503390148282,
      0.0018256503390148282,
      0.0030946065671741962,
      0.0030946065671741962,
      0.003952569328248501,
      0.003952569328248501,
      0.005393951199948788,
      0.005393951199948788,
      0.00582524249330163,
      0.00582524249330163,
      0.006779660936444998,
      0.006779660936444998,
      0.008328075520694256,
      0.008328075520694256,
      0.009826325811445713,
      0.009826325811445713,
      0.014589665457606316,
      0.014589665457606316,
      0.01552795059978962,
      0.01552795059978962,
      0.016187643632292747,
      0.016187643632292747,
      0.017676766961812973,
      0.017676766961812973,
      0.019317450001835823,
      0.019317450001835823,
      0.02369505539536476,
      0.02369505539536476,
      0.03015008568763733,
      0.03015008568763733,
      0.035087719559669495,
      0.035087719559669495,
      0.05630630627274513,
      0.05630630627274513,
      0.14035087823867798,
      0.14035087823867798
    ]
  },
  "concede": {
    "x": [
      1.3569529073720332e-05,
      0.001685729599557817,
      0.001686734613031149,
      0.005006005056202412,
      0.005007023923099041,
      0.005701112560927868,
      0.005702639929950237,
      0.015529520809650421,
      0.015531138516962528,
      0.22364625334739685,
      0.2236652970314026,
      0.26987144351005554,
      0.26987484097480774,
      0.34393617510795593,
      0.3439564108848572,
      0.36913052201271057,
      0.3691790699958801,
      0.38717710971832275,
      0.3871941566467285,
      0.49846965074539185,
      0.4984892010688782,
      0.595971941947937,
      0.5959790945053101,
      0.6188750267028809,
      0.6188945174217224,
      0.801824688911438,
      0.8018369674682617,
      0.8089128732681274,
      0.8089227080345154,
      0.8133542537689209,
      0.8134124875068665,
      0.8158716559410095,
      0.8159118294715881,
      0.9648634791374207
    ],
    "y": [
      0.0,
      0.0,
      0.0006738544907420874,
      0.0006738544907420874,
      0.0006784260622225702,
      0.0006784260622225702,
      0.0011413467582315207,
      0.0011413467582315207,
      0.0011595546966418624,
      0.0011595546966418624,
      0.0011830818839371204,
      0.0011830818839371204,
      0.001320132054388523,
      0.001320132054388523,
      0.0013280212879180908,
      0.0013280212879180908,
      0.0038684720639139414,
      0.0038684720639139414,
      0.004918653052300215,
      0.004918653052300215,
      0.005178522784262896,
      0.005178522784262896,
      0.00913241971284151,
      0.00913241971284151,
      0.011495925486087799,
      0.011495925486087799,
      0.012820512987673283,
      0.012820512987673283,
      0.021276595070958138,
      0.021276595070958138,
      0.025974025949835777,
      0.025974025949835777,
      0.02791978046298027,
      0.02791978046298027
    ]
  }
}