{
  "head": "score",
  "metrics": {
    "val_loss": 1.2207196950912476,
    "val_auc_score": 0.8158877491950989,
    "val_ap_score": 0.0238747987896204,
    "val_brier_score": 0.2343701422214508,
    "train_loss": 0.8649880290031433
  },
  "n_train_frames": 629634,
  "n_val_frames": 138793,
  "n_train_matches": 36,
  "n_val_matches": 8,
  "pos_weight": 187.4003663285494,
  "model_dim": 64,
  "num_heads": 4,
  "num_layers": 2,
  "epochs": 6
}